{
    "IsEncrypted": false,
    "Values": {
      "AzureWebJobsStorage": "DefaultEndpointsProtocol=https;AccountName=zoosync2;AccountKey=rqHaXk6l6rUZyfuVLIOAupPaBLm9mj1QOEGtrOk40znaEsJQ8QyPbr3/N3lBsDvpuKjYyuFCLfJV+AStqnXSLA==;EndpointSuffix=core.windows.net",
      "AzureSignalRConnectionString": "Endpoint=https://projectsignal.service.signalr.net;AccessKey=Cj06HTae2PcWT2sUJrhlOKPXWFiVex7q7rPnyyVOETVkyZAZmZ4eJQQJ99BEACgEuAYXJ3w3AAAAASRSGhY6;Version=1.0;",
      "SQL_CONNECTION_STRING": "Server=tcp:iotzoo.database.windows.net,1433;Initial Catalog=zooData;Persist Security Info=False;User ID=zoosync;Password=iot2025!;MultipleActiveResultSets=False;Encrypt=yes;TrustServerCertificate=False;Connection Timeout=30;", 
      "AZURE_MAPS_KEY": "8nnUuKgIxYy2JuRXFq5b8JGnetzXun6AdXyUWqGIgHJHzNSWdOEnJQQJ99BEAC5RqLJPSPD9AAAgAZMPFcVD",
      "FUNCTIONS_WORKER_RUNTIME": "python"
    },
    "Host": {
      "CORS": "*"
    }
}

